<?xml version="1.0" encoding="UTF-8" standalone="no"?>
<document type="com.apple.InterfaceBuilder3.CocoaTouch.Storyboard.XIB" version="2.0" toolsVersion="2844" systemVersion="12C3006" targetRuntime="iOS.CocoaTouch" propertyAccessControl="none" useAutolayout="YES" initialViewController="2">
    <dependencies>
        <plugIn identifier="com.apple.InterfaceBuilder.IBCocoaTouchPlugin" version="1930"/>
    </dependencies>
    <scenes>
        <!--View Controller-->
        <scene sceneID="5">
            <objects>
                <viewController id="2" customClass="CUViewController" sceneMemberID="viewController">
                    <view key="view" contentMode="scaleToFill" id="3">
                        <rect key="frame" x="0.0" y="20" width="320" height="548"/>
                        <autoresizingMask key="autoresizingMask" flexibleMaxX="YES" flexibleMaxY="YES"/>
                        <subviews>
                            <label opaque="NO" clipsSubviews="YES" userInteractionEnabled="NO" contentMode="left" text="This is a really, really, long label." textAlignment="center" lineBreakMode="tailTruncation" baselineAdjustment="alignBaselines" adjustsFontSizeToFit="NO" translatesAutoresizingMaskIntoConstraints="NO" id="OeM-RG-vXk">
                                <fontDescription key="fontDescription" type="system" pointSize="17"/>
                                <color key="textColor" cocoaTouchSystemColor="darkTextColor"/>
                                <nil key="highlightedColor"/>
                            </label>
                        </subviews>
                        <color key="backgroundColor" white="1" alpha="1" colorSpace="custom" customColorSpace="calibratedWhite"/>
                        <constraints>
                            <constraint firstItem="OeM-RG-vXk" firstAttribute="top" secondItem="3" secondAttribute="top" constant="20" symbolic="YES" type="user" id="3jO-J5-Ehl"/>
                            <constraint firstAttribute="bottom" secondItem="OeM-RG-vXk" secondAttribute="bottom" constant="20" symbolic="YES" type="user" id="9cl-cO-TE6"/>
                            <constraint firstAttribute="trailing" secondItem="OeM-RG-vXk" secondAttribute="trailing" constant="20" symbolic="YES" type="default" id="HWo-E9-Jgb"/>
                            <constraint firstItem="OeM-RG-vXk" firstAttribute="leading" secondItem="3" secondAttribute="leading" constant="20" symbolic="YES" type="default" id="Sj7-fM-Ml4"/>
                        </constraints>
                    </view>
                    <connections>
                        <outlet property="longLabel" destination="OeM-RG-vXk" id="ggQ-aX-V9b"/>
                    </connections>
                </viewController>
                <placeholder placeholderIdentifier="IBFirstResponder" id="4" sceneMemberID="firstResponder"/>
            </objects>
            <point key="canvasLocation" x="92" y="71"/>
        </scene>
    </scenes>
    <classes>
        <class className="CUViewController" superclassName="UIViewController">
            <source key="sourceIdentifier" type="project" relativePath="./Classes/CUViewController.h"/>
            <relationships>
                <relationship kind="outlet" name="longLabel" candidateClass="UILabel"/>
            </relationships>
        </class>
        <class className="NSLayoutConstraint" superclassName="NSObject">
            <source key="sourceIdentifier" type="project" relativePath="./Classes/NSLayoutConstraint.h"/>
        </class>
    </classes>
    <simulatedMetricsContainer key="defaultSimulatedMetrics">
        <simulatedStatusBarMetrics key="statusBar"/>
        <simulatedOrientationMetrics key="orientation"/>
        <simulatedScreenMetrics key="destination" type="retina4"/>
    </simulatedMetricsContainer>
</document>